record_id,redacted_data_json,is_pii
1,"{""customer_id"": ""[REDACTED]"", ""phone"": ""98XXXXXX10"", ""order_value"": 1299}",TRUE
2,"{""name"": ""RXXX KXXX"", ""email"": ""raXXX@eXXX.com"", ""city"": ""Mumbai""}",TRUE
3,"{""first_name"": ""Priya"", ""product"": ""iPhone 14"", ""category"": ""Electronics""}",FALSE
4,"{""aadhar"": ""1234XXXX9012"", ""transaction_type"": ""purchase""}",TRUE
5,"{""email"": ""standalone@email.com"", ""product_id"": ""PROD123""}",FALSE
6,"{""name"": ""AXXX SXXX"", ""address"": ""[REDACTED]"", ""ip_address"": ""[REDACTED]""}",TRUE
7,"{""city"": ""Delhi"", ""pin_code"": ""110001"", ""product_category"": ""Fashion""}",FALSE
8,"{""upi_id"": ""usXXX@paXXX"", ""amount"": 500}",TRUE
9,"{""last_name"": ""Sharma"", ""order_id"": ""ORD789456""}",FALSE
10,"{""passport"": ""PXXXXXX7"", ""booking_reference"": ""BK123""}",TRUE
11,"{""device_id"": ""DEV456789"", ""app_version"": ""2.1.4""}",FALSE
12,"{""name"": ""SXXX PXXX"", ""email"": ""snXXX@gXXX.com"", ""device_id"": ""MOB123456""}",TRUE
13,"{""transaction_id"": ""TXN987654"", ""amount"": 2500, ""status"": ""completed""}",FALSE
14,"{""phone"": ""87XXXXXX09"", ""order_date"": ""2024-01-15""}",TRUE
15,"{""state"": ""Maharashtra"", ""product_name"": ""Laptop Bag""}",FALSE
16,"{""name"": ""VXXX RXXX"", ""address"": ""[REDACTED]"", ""email"": ""viXXX@cXXX.com""}",TRUE
17,"{""first_name"": ""Anita"", ""last_name_initial"": ""K"", ""age"": 28}",FALSE
18,"{""aadhar"": ""9876XXXX1098"", ""verification_status"": ""verified""}",TRUE
19,"{""email"": ""customer@service.com"", ""query_type"": ""refund""}",FALSE
20,"{""upi_id"": ""91XXX@ybXXX"", ""merchant"": ""Flipkart""}",TRUE
21,"{""product_description"": ""Samsung Galaxy S23"", ""price"": 65000}",FALSE
22,"{""name"": ""DXXX AXXX"", ""phone"": ""78XXXXXX56"", ""email"": ""deXXX@eXXX.com""}",TRUE
23,"{""pin_code"": ""400001"", ""delivery_date"": ""2024-02-10""}",FALSE
24,"{""passport"": ""MXXXXXX3"", ""travel_date"": ""2024-03-15""}",TRUE
25,"{""customer_segment"": ""Premium"", ""loyalty_points"": 1500}",FALSE
26,"{""name"": ""RXXX GXXX"", ""address"": ""[REDACTED]"", ""ip_address"": ""[REDACTED]""}",TRUE
27,"{""order_type"": ""Express"", ""shipping_method"": ""same_day""}",FALSE
28,"{""phone"": ""67XXXXXX45"", ""sms_consent"": true}",TRUE
29,"{""username"": ""techguru"", ""last_login"": ""2024-01-20""}",FALSE
30,"{""aadhar"": ""4567XXXX3045"", ""kyc_status"": ""[REDACTED]""}",TRUE
31,"{""category"": ""Books"", ""author"": ""Chetan Bhagat""}",FALSE
32,"{""name"": ""MXXX JXXX"", ""email"": ""meXXX@wXXX.com"", ""device_type"": ""Android""}",TRUE
33,"{""session_id"": ""SESS789123"", ""duration"": ""45 minutes""}",FALSE
34,"{""upi_id"": ""meXXX@okXXX"", ""payment_method"": ""UPI""}",TRUE
35,"{""region"": ""North India"", ""warehouse_code"": ""WH001""}",FALSE
36,"{""name"": ""AXXX MXXX"", ""address"": ""[REDACTED]"", ""phone"": ""90XXXXXX78""}",TRUE
37,"{""subscription_type"": ""Premium"", ""renewal_date"": ""2024-06-15""}",FALSE
38,"{""passport"": ""LXXXXXX1"", ""country"": ""India""}",TRUE
39,"{""first_name"": ""Kavya"", ""gender"": ""Female"", ""age_group"": ""25-35""}",FALSE
40,"{""aadhar"": ""2345XXXX0123"", ""bank_verification"": ""success""}",TRUE
41,"{""brand"": ""Nike"", ""model"": ""Air Max"", ""size"": ""9""}",FALSE
42,"{""name"": ""SXXX NXXX"", ""email"": ""siXXX@tXXX.com"", ""ip_address"": ""[REDACTED]""}",TRUE
43,"{""currency"": ""INR"", ""exchange_rate"": 83.25}",FALSE
44,"{""phone"": ""89XXXXXX67"", ""notification_preference"": ""SMS""}",TRUE
45,"{""product_rating"": 4.5, ""review_count"": 150}",FALSE
46,"{""upi_id"": ""faXXX@ibXXX"", ""family_size"": 4}",TRUE
47,"{""zip_code"": ""560001"", ""delivery_zone"": ""Zone_A""}",FALSE
48,"{""name"": ""PXXX DXXX"", ""address"": ""[REDACTED]"", ""email"": ""poXXX@eXXXl.in""}",TRUE
49,"{""app_name"": ""Flipkart"", ""version"": ""8.21.0""}",FALSE
50,"{""passport"": ""KXXXXXX2"", ""issue_date"": ""2020-05-10""}",TRUE
51,"{""last_name"": ""Iyer"", ""profession"": ""Software Engineer""}",FALSE
52,"{""aadhar"": ""3456XXXX1234"", ""address_proof"": ""[REDACTED]""}",TRUE
53,"{""email"": ""support@flipkart.com"", ""ticket_id"": ""TICK456""}",FALSE
54,"{""name"": ""RXXX KXXX"", ""phone"": ""70XXXXXX89"", ""device_id"": ""ANDROID789""}",TRUE
55,"{""search_query"": ""bluetooth headphones"", ""filters"": ""price,brand""}",FALSE
56,"{""upi_id"": ""87XXX@paXXX"", ""auto_debit"": true}",TRUE
57,"{""state_code"": ""MH"", ""gst_number"": ""27ABCDE1234F1Z5""}",FALSE
58,"{""name"": ""LXXX VXXX"", ""email"": ""laXXX@cXXX.org"", ""address"": ""[REDACTED]""}",TRUE
59,"{""feature_flag"": ""new_checkout"", ""enabled"": true}",FALSE
60,"{""phone"": ""93XXXXXX12"", ""otp_verification"": ""pending""}",TRUE
61,"{""discount_code"": ""SAVE20"", ""validity"": ""2024-03-31""}",FALSE
62,"{""passport"": ""AXXXXXX3"", ""nationality"": ""[REDACTED]""}",TRUE
63,"{""first_name"": ""Rohan"", ""wishlist_count"": 15}",FALSE
64,"{""aadhar"": ""5678XXXX3456"", ""biometric_status"": ""matched""}",TRUE
65,"{""payment_gateway"": ""Razorpay"", ""transaction_fee"": 25}",FALSE
66,"{""name"": ""NXXX BXXX"", ""address"": ""[REDACTED]"", ""ip_address"": ""[REDACTED]""}",TRUE
67,"{""inventory_id"": ""INV789"", ""stock_level"": 50}",FALSE
68,"{""upi_id"": ""buXXX@axXXX"", ""merchant_category"": ""retail""}",TRUE
69,"{""city"": ""Hyderabad"", ""weather"": ""partly_cloudy""}",FALSE
70,"{""phone"": ""84XXXXXX23"", ""call_preference"": ""evening""}",TRUE
71,"{""coupon_code"": ""FIRST10"", ""usage_count"": 1}",FALSE
72,"{""name"": ""KXXX SXXX"", ""email"": ""kaXXX@wXXX.com"", ""device_type"": ""iOS""}",TRUE
73,"{""logistics_partner"": ""BlueDart"", ""tracking_id"": ""BD123456789""}",FALSE
74,"{""passport"": ""HXXXXXX3"", ""expiry_date"": ""2030-12-15""}",TRUE
75,"{""age"": 32, ""income_bracket"": ""middle_class""}",FALSE
76,"{""aadhar"": ""6789XXXX4567"", ""mobile_linked"": true}",TRUE
77,"{""return_reason"": ""size_issue"", ""refund_amount"": 899}",FALSE
78,"{""name"": ""DXXX SXXX"", ""phone"": ""71XXXXXX90"", ""email"": ""diXXX@pXXX.com""}",TRUE
79,"{""seller_id"": ""SELLER001"", ""rating"": 4.2}",FALSE
80,"{""upi_id"": ""shXXX@hdXXX"", ""settlement_cycle"": ""T+2""}",TRUE
81,"{""recommendation_type"": ""collaborative"", ""confidence"": 0.85}",FALSE
82,"{""name"": ""MXXX AXXX"", ""address"": ""[REDACTED]"", ""email"": ""maXXX@eXXX.com""}",TRUE
83,"{""api_version"": ""v2.1"", ""response_time"": ""120ms""}",FALSE
84,"{""phone"": ""95XXXXXX23"", ""language_preference"": ""Hindi""}",TRUE
85,"{""last_name"": ""Reddy"", ""occupation"": ""Doctor""}",FALSE
86,"{""passport"": ""TXXXXXX0"", ""visa_required"": false}",TRUE
87,"{""affiliate_id"": ""AFF789"", ""commission_rate"": 5}",FALSE
88,"{""aadhar"": ""7890XXXX5678"", ""ekyc_timestamp"": ""2024-01-15T10:30:00Z""}",TRUE
89,"{""utm_source"": ""google"", ""campaign"": ""winter_sale""}",FALSE
90,"{""name"": ""AXXX RXXX"", ""email"": ""anXXX@uXXX.edu"", ""ip_address"": ""[REDACTED]""}",TRUE
91,"{""fraud_score"": 0.15, ""risk_level"": ""low""}",FALSE
92,"{""upi_id"": ""78XXX@ybXXX"", ""bank_name"": ""State Bank""}",TRUE
93,"{""search_filter"": ""electronics"", ""sort_by"": ""price_low_to_high""}",FALSE
94,"{""phone"": ""82XXXXXX90"", ""two_factor_auth"": true}",TRUE
95,"{""first_name"": ""Arun"", ""cart_value"": 2500}",FALSE
96,"{""name"": ""PXXX KXXX"", ""address"": ""[REDACTED]"", ""phone"": ""67XXXXXX45""}",TRUE
97,"{""machine_learning_model"": ""recommendation_v3"", ""accuracy"": 0.92}",FALSE
98,"{""passport"": ""RXXXXXX2"", ""place_of_issue"": ""Mumbai""}",TRUE
99,"{""city"": ""Bangalore"", ""traffic_condition"": ""moderate""}",FALSE
100,"{""aadhar"": ""8901XXXX6789"", ""consent_given"": true}",TRUE
101,"{""email"": ""newsletter@flipkart.com"", ""unsubscribe_rate"": 0.02}",FALSE
102,"{""name"": ""SXXX PXXX"", ""email"": ""suXXX@oXXX.com"", ""device_id"": ""TAB456789""}",TRUE
103,"{""performance_metric"": ""page_load_time"", ""value"": ""2.1s""}",FALSE
104,"{""upi_id"": ""quXXX@koXXX"", ""limit_daily"": 50000}",TRUE
105,"{""last_name"": ""Gupta"", ""education"": ""MBA""}",FALSE
106,"{""phone"": ""79XXXXXX67"", ""marketing_consent"": false}",TRUE
107,"{""analytics_event"": ""product_view"", ""timestamp"": ""2024-01-20T14:22:33Z""}",FALSE
108,"{""name"": ""RXXX JXXX"", ""address"": ""[REDACTED]"", ""email"": ""raXXX@wXXXe.in""}",TRUE
109,"{""cache_hit_ratio"": 0.78, ""response_cached"": true}",FALSE
110,"{""passport"": ""SXXXXXX1"", ""passport_type"": ""ordinary""}",TRUE
111,"{""first_name"": ""Vivek"", ""subscription_status"": ""active""}",FALSE
112,"{""aadhar"": ""9012XXXX7890"", ""demographic_verified"": true}",TRUE
113,"{""a_b_test"": ""checkout_flow_v2"", ""variant"": ""B""}",FALSE
114,"{""name"": ""KXXX MXXX"", ""phone"": ""83XXXXXX01"", ""email"": ""kaXXX@gXXX.com""}",TRUE
115,"{""geo_location"": ""lat:12.9716,lng:77.5946"", ""accuracy"": ""10m""}",FALSE
116,"{""upi_id"": ""65XXX@paXXX"", ""merchant_type"": ""individual""}",TRUE
117,"{""database_query"": ""SELECT * FROM products"", ""execution_time"": ""45ms""}",FALSE
118,"{""phone"": ""98XXXXXX10"", ""device_brand"": ""Samsung""}",TRUE
119,"{""last_name"": ""Singh"", ""marital_status"": ""married""}",FALSE
120,"{""name"": ""AXXX PXXX"", ""address"": ""[REDACTED]"", ""ip_address"": ""[REDACTED]""}",TRUE
121,"{""content_type"": ""application/json"", ""encoding"": ""utf-8""}",FALSE
122,"{""passport"": ""QXXXXXX9"", ""biometric_enrolled"": true}",TRUE
123,"{""city"": ""Coimbatore"", ""pincode"": ""641001""}",FALSE
124,"{""aadhar"": ""0123XXXX8901"", ""otp_verified"": true}",TRUE
125,"{""recommendation_engine"": ""neural_cf"", ""training_date"": ""2024-01-01""}",FALSE
126,"{""name"": ""GXXX RXXX"", ""email"": ""geXXX@cXXX.com"", ""device_type"": ""Desktop""}",TRUE
127,"{""webhook_url"": ""https://api.example.com/webhook"", ""status"": ""active""}",FALSE
128,"{""upi_id"": ""shXXX@icXXX"", ""autopay_enabled"": false}",TRUE
129,"{""first_name"": ""Mohit"", ""preferred_language"": ""English""}",FALSE
130,"{""phone"": ""74XXXXXX12"", ""carrier"": ""Airtel""}",TRUE
131,"{""inventory_turnover"": 4.2, ""stock_out_rate"": 0.08}",FALSE
132,"{""name"": ""SXXX KXXX"", ""address"": ""[REDACTED]"", ""phone"": ""80XXXXXX79""}",TRUE
133,"{""service_level"": ""premium"", ""response_time_sla"": ""< 1 hour""}",FALSE
134,"{""passport"": ""BXXXXXX3"", ""emergency_contact"": ""+91-9876543210""}",TRUE
135,"{""last_name"": ""Nair"", ""hobby"": ""photography""}",FALSE
136,"{""aadhar"": ""1234XXXX7654"", ""photo_verification"": ""passed""}",TRUE
137,"{""feature_toggle"": ""new_ui"", ""rollout_percentage"": 25}",FALSE
138,"{""name"": ""HXXX KXXX"", ""email"": ""haXXX@tXXX.org"", ""ip_address"": ""[REDACTED]""}",TRUE
139,"{""data_pipeline"": ""etl_v2"", ""processed_records"": 1000000}",FALSE
140,"{""upi_id"": ""54XXX@ybXXX"", ""transaction_limit"": 100000}",TRUE
141,"{""search_algorithm"": ""elasticsearch"", ""index_size"": ""2.5GB""}",FALSE
142,"{""phone"": ""91XXXXXX89"", ""roaming_status"": false}",TRUE
143,"{""city"": ""Kochi"", ""state"": ""Kerala""}",FALSE
144,"{""name"": ""RXXX SXXX"", ""address"": ""[REDACTED]"", ""email"": ""riXXX@cXXX.net""}",TRUE
145,"{""microservice"": ""user_service"", ""health_status"": ""healthy""}",FALSE
146,"{""passport"": ""NXXXXXX7"", ""pages_remaining"": 28}",TRUE
147,"{""first_name"": ""Deepak"", ""loyalty_tier"": ""gold""}",FALSE
148,"{""aadhar"": ""2345XXXX8765"", ""fingerprint_matched"": true}",TRUE
149,"{""cdn_cache"": ""cloudflare"", ""hit_ratio"": 0.89}",FALSE
150,"{""name"": ""PXXX CXXX"", ""phone"": ""78XXXXXX56"", ""email"": ""prXXX@pXXXl.in""}",TRUE
151,"{""log_level"": ""INFO"", ""message"": ""Transaction completed successfully""}",FALSE
152,"{""upi_id"": ""faXXX@sbXXX"", ""beneficiary_count"": 3}",TRUE
153,"{""machine_id"": ""ML789"", ""cpu_utilization"": 65}",FALSE
154,"{""phone"": ""85XXXXXX23"", ""do_not_disturb"": true}",TRUE
155,"{""last_name"": ""Mishra"", ""department"": ""Engineering""}",FALSE
156,"{""name"": ""AXXX BXXX"", ""address"": ""[REDACTED]"", ""ip_address"": ""[REDACTED]""}",TRUE
157,"{""kubernetes_pod"": ""api-server-v2"", ""replicas"": 3}",FALSE
158,"{""passport"": ""GXXXXXX9"", ""sponsor_required"": false}",TRUE
159,"{""city"": ""Indore"", ""region"": ""Central India""}",FALSE
160,"{""aadhar"": ""3456XXXX9876"", ""iris_scan"": ""verified""}",TRUE
161,"{""email"": ""admin@system.com"", ""role"": ""system_admin""}",FALSE
162,"{""name"": ""SXXX JXXX"", ""email"": ""saXXX@wXXX.com"", ""device_id"": ""LAPTOP123""}",TRUE
163,"{""ssl_certificate"": ""valid"", ""expiry"": ""2024-12-31""}",FALSE
164,"{""upi_id"": ""43XXX@okXXX"", ""insurance_linked"": true}",TRUE
165,"{""first_name"": ""Neha"", ""age_verification"": ""completed""}",FALSE
166,"{""phone"": ""92XXXXXX90"", ""backup_number"": ""+91-8765432109""}",TRUE
167,"{""monitoring_alert"": ""high_memory_usage"", ""threshold_exceeded"": true}",FALSE
168,"{""name"": ""VXXX AXXX"", ""address"": ""[REDACTED]"", ""phone"": ""73XXXXXX01""}",TRUE
169,"{""load_balancer"": ""nginx"", ""upstream_servers"": 4}",FALSE
170,"{""passport"": ""FXXXXXX3"", ""travel_history"": ""USA,UAE,UK""}",TRUE
171,"{""last_name"": ""Patel"", ""blood_group"": ""O+""}",FALSE
173,"{""api_rate_limit"": 1000, ""current_usage"": 245}",FALSE
174,"{""name"": ""AXXX VXXX"", ""email"": ""anXXX@oXXXe.in"", ""ip_address"": ""[REDACTED]""}",TRUE
175,"{""database_connection"": ""mysql"", ""pool_size"": 20}",FALSE
176,"{""upi_id"": ""waXXX@phXXX"", ""balance_inquiry"": true}",TRUE
177,"{""city"": ""Nagpur"", ""timezone"": ""Asia/Kolkata""}",FALSE
178,"{""phone"": ""89XXXXXX67"", ""international_roaming"": false}",TRUE
179,"{""first_name"": ""Rakesh"", ""credit_score"": 750}",FALSE
180,"{""name"": ""SXXX DXXX"", ""address"": ""[REDACTED]"", ""email"": ""suXXX@eXXX.org""}",TRUE
181,"{""message_queue"": ""rabbitmq"", ""queue_depth"": 150}",FALSE
182,"{""passport"": ""VXXXXXX0"", ""diplomatic_status"": false}",TRUE
183,"{""last_name"": ""Yadav"", ""experience"": ""5 years""}",FALSE
185,"{""security_scan"": ""passed"", ""vulnerabilities_found"": 0}",FALSE
186,"{""name"": ""RXXX SXXX"", ""phone"": ""67XXXXXX45"", ""email"": ""riXXX@cXXX.com""}",TRUE
187,"{""container_registry"": ""docker_hub"", ""image_version"": ""v1.2.3""}",FALSE
188,"{""upi_id"": ""32XXX@paXXX"", ""pin_change_required"": false}",TRUE
189,"{""city"": ""Chandigarh"", ""weather_forecast"": ""sunny""}",FALSE
190,"{""phone"": ""76XXXXXX34"", ""fiber_connection"": true}",TRUE
191,"{""first_name"": ""Manoj"", ""vehicle_type"": ""sedan""}",FALSE
192,"{""name"": ""KXXX RXXX"", ""address"": ""[REDACTED]"", ""ip_address"": ""[REDACTED]""}",TRUE
193,"{""elastic_search"": ""cluster_healthy"", ""nodes"": 5}",FALSE
194,"{""passport"": ""JXXXXXX0"", ""minor_dependent"": false}",TRUE
195,"{""last_name"": ""Jain"", ""dietary_preference"": ""vegetarian""}",FALSE
196,"{""aadhar"": ""6789XXXX2109"", ""family_head"": true}",TRUE
197,"{""prometheus_metric"": ""http_requests_total"", ""value"": 50000}",FALSE
198,"{""name"": ""AXXX TXXX"", ""email"": ""abXXX@wXXX.com"", ""device_type"": ""Mobile""}",TRUE
199,"{""grafana_dashboard"": ""system_overview"", ""panels"": 12}",FALSE
200,"{""upi_id"": ""saXXX@unXXX"", ""interest_rate"": 3.5}",TRUE
201,"{""city"": ""Bhopal"", ""air_quality"": ""moderate""}",FALSE
202,"{""phone"": ""90XXXXXX78"", ""plan_type"": ""postpaid""}",TRUE
203,"{""first_name"": ""Shalini"", ""favorite_color"": ""blue""}",FALSE
204,"{""name"": ""RXXX MXXX"", ""address"": ""[REDACTED]"", ""phone"": ""81XXXXXX90""}",TRUE
205,"{""jenkins_build"": ""successful"", ""build_number"": 156}",FALSE
207,"{""last_name"": ""Chopra"", ""shoe_size"": 9}",FALSE
208,"{""aadhar"": ""7890XXXX3210"", ""nomination_updated"": true}",TRUE
209,"{""terraform_state"": ""applied"", ""resources"": 23}",FALSE
210,"{""name"": ""SXXX SXXX"", ""email"": ""shXXX@pXXX.com"", ""ip_address"": ""[REDACTED]""}",TRUE
211,"{""ansible_playbook"": ""deploy_app"", ""tasks"": 15}",FALSE
212,"{""upi_id"": ""21XXX@ybXXX"", ""kyc_level"": ""full""}",TRUE
213,"{""city"": ""Vadodara"", ""population"": 1670000}",FALSE
214,"{""phone"": ""84XXXXXX12"", ""signal_strength"": ""-65dBm""}",TRUE
215,"{""first_name"": ""Gaurav"", ""t_shirt_size"": ""L""}",FALSE
216,"{""name"": ""MXXX DXXX"", ""address"": ""[REDACTED]"", ""email"": ""maXXX@bXXX.com""}",TRUE
217,"{""docker_compose"": ""version_3"", ""services"": 8}",FALSE
218,"{""passport"": ""IXXXXXX2"", ""blood_type"": ""A+""}",TRUE
219,"{""last_name"": ""Bansal"", ""coffee_preference"": ""cappuccino""}",FALSE
220,"{""aadhar"": ""8901XXXX4321"", ""senior_citizen"": false}",TRUE
221,"{""nagios_check"": ""ok"", ""last_check"": ""2024-01-20T15:30:00Z""}",FALSE
222,"{""name"": ""NXXX SXXX"", ""phone"": ""72XXXXXX90"", ""email"": ""niXXX@tXXXh.in""}",TRUE
223,"{""zabbix_host"": ""web_server_01"", ""status"": ""monitored""}",FALSE
224,"{""upi_id"": ""buXXX@yeXXX"", ""gst_registered"": true}",TRUE
225,"{""city"": ""Surat"", ""textile_hub"": true}",FALSE
226,"{""phone"": ""93XXXXXX12"", ""voicemail_enabled"": false}",TRUE
227,"{""first_name"": ""Pooja"", ""pet_name"": ""Bruno""}",FALSE
228,"{""name"": ""KXXX KXXX"", ""address"": ""[REDACTED]"", ""ip_address"": ""[REDACTED]""}",TRUE
229,"{""splunk_index"": ""main"", ""events_per_day"": 1000000}",FALSE
230,"{""passport"": ""OXXXXXX7"", ""dual_citizenship"": false}",TRUE
231,"{""last_name"": ""Agrawal"", ""music_preference"": ""classical""}",FALSE
232,"{""aadhar"": ""9012XXXX5432"", ""disability_certificate"": false}",TRUE
233,"{""elk_stack"": ""7.10.2"", ""log_retention"": ""30_days""}",FALSE
234,"{""name"": ""SXXX NXXX"", ""email"": ""swXXX@uXXXc.in"", ""device_id"": ""STU789123""}",TRUE
235,"{""redis_cache"": ""cluster_mode"", ""memory_usage"": ""2.1GB""}",FALSE
236,"{""upi_id"": ""10XXX@paXXX"", ""fraud_alert"": false}",TRUE
237,"{""city"": ""Jodhpur"", ""heritage_site"": true}",FALSE
238,"{""phone"": ""86XXXXXX34"", ""emergency_contact"": true}",TRUE
239,"{""first_name"": ""Arpit"", ""gaming_preference"": ""FPS""}",FALSE
240,"{""name"": ""GXXX PXXX"", ""address"": ""[REDACTED]"", ""phone"": ""68XXXXXX57""}",TRUE
241,"{""memcached"": ""1.6.9"", ""hit_ratio"": 0.84}",FALSE
242,"{""passport"": ""UXXXXXX9"", ""organ_donor"": true}",TRUE
243,"{""last_name"": ""Kulkarni"", ""sports_preference"": ""cricket""}",FALSE
244,"{""aadhar"": ""0123XXXX6543"", ""pan_linked"": true}",TRUE
245,"{""fluentd_buffer"": ""file"", ""buffer_size"": ""256MB""}",FALSE
246,"{""name"": ""TXXX GXXX"", ""email"": ""taXXX@sXXXp.io"", ""ip_address"": ""[REDACTED]""}",TRUE
247,"{""haproxy_backend"": ""app_servers"", ""active_servers"": 6}",FALSE
248,"{""upi_id"": ""09XXX@okXXX"", ""reward_points"": 2500}",TRUE
249,"{""city"": ""Agra"", ""monument"": ""Taj Mahal""}",FALSE
250,"{""phone"": ""77XXXXXX45"", ""data_plan"": ""unlimited""}",TRUE
251,"{""first_name"": ""Shruti"", ""zodiac_sign"": ""Leo""}",FALSE
252,"{""name"": ""VXXX DXXX"", ""address"": ""[REDACTED]"", ""email"": ""vaXXX@aXXX.com""}",TRUE
253,"{""cassandra_cluster"": ""3_nodes"", ""replication_factor"": 3}",FALSE
254,"{""passport"": ""ZXXXXXX0"", ""machine_readable"": true}",TRUE
255,"{""last_name"": ""Sinha"", ""reading_habit"": ""fiction""}",FALSE
256,"{""aadhar"": ""1234XXXX5432"", ""uan_linked"": true}",TRUE
257,"{""neo4j_database"": ""graph_analytics"", ""node_count"": 50000}",FALSE
258,"{""name"": ""RXXX DXXX"", ""phone"": ""98XXXXXX10"", ""email"": ""riXXX@fXXXm.in""}",TRUE
259,"{""apache_kafka"": ""2.8.0"", ""topics"": 25}",FALSE
260,"{""upi_id"": ""98XXX@ibXXX"", ""standing_instruction"": true}",TRUE
261,"{""city"": ""Guwahati"", ""tea_capital"": true}",FALSE
262,"{""phone"": ""61XXXXXX89"", ""hotspot_enabled"": true}",TRUE
263,"{""first_name"": ""Tanvi"", ""dance_form"": ""bharatanatyam""}",FALSE
264,"{""name"": ""SXXX TXXX"", ""address"": ""[REDACTED]"", ""ip_address"": ""[REDACTED]""}",TRUE
265,"{""airflow_dag"": ""data_pipeline"", ""schedule_interval"": ""@daily""}",FALSE
266,"{""passport"": ""WXXXXXX3"", ""special_endorsement"": false}",TRUE
267,"{""last_name"": ""Pandey"", ""cooking_skill"": ""intermediate""}",FALSE
268,"{""aadhar"": ""2345XXXX6543"", ""ration_card_linked"": true}",TRUE
269,"{""spark_cluster"": ""4_workers"", ""memory"": ""16GB""}",FALSE
270,"{""name"": ""AXXX BXXX"", ""email"": ""alXXX@bXXXd.in"", ""device_type"": ""iPhone""}",TRUE
271,"{""hdfs_replication"": 3, ""block_size"": ""128MB""}",FALSE
272,"{""upi_id"": ""87XXX@ybXXX"", ""max_transaction_limit"": 200000}",TRUE
273,"{""city"": ""Dehradun"", ""hill_station"": true}",FALSE
274,"{""phone"": ""95XXXXXX23"", ""call_forwarding"": false}",TRUE
275,"{""first_name"": ""Yash"", ""favorite_cuisine"": ""Italian""}",FALSE
276,"{""name"": ""DXXX PXXX"", ""address"": ""[REDACTED]"", ""phone"": ""89XXXXXX67""}",TRUE
277,"{""mongodb_replica"": ""primary"", ""oplog_size"": ""2GB""}",FALSE
278,"{""passport"": ""EXXXXXX1"", ""chip_enabled"": true}",TRUE
279,"{""last_name"": ""Gupta"", ""travel_frequency"": ""frequent""}",FALSE
280,"{""aadhar"": ""3456XXXX6543"", ""voter_id_linked"": true}",TRUE
281,"{""postgresql_version"": ""13.4"", ""extensions"": ""postgis,pg_stat_statements""}",FALSE
282,"{""name"": ""RXXX KXXX"", ""email"": ""raXXX@mXXX.com"", ""ip_address"": ""[REDACTED]""}",TRUE
283,"{""consul_cluster"": ""3_agents"", ""leader_election"": true}",FALSE
284,"{""upi_id"": ""76XXX@paXXX"", ""mobile_banking"": true}",TRUE
285,"{""city"": ""Shimla"", ""altitude"": ""2205m""}",FALSE
286,"{""phone"": ""82XXXXXX90"", ""wifi_calling"": true}",TRUE
287,"{""first_name"": ""Ishita"", ""language_skills"": ""Hindi,English,French""}",FALSE
288,"{""name"": ""HXXX RXXX"", ""address"": ""[REDACTED]"", ""email"": ""hrXXX@sXXXr.in""}",TRUE
289,"{""vault_secrets"": ""encrypted"", ""policies"": 8}",FALSE
290,"{""passport"": ""DXXXXXX9"", ""photo_biometric"": true}",TRUE
291,"{""last_name"": ""Saxena"", ""workout_routine"": ""yoga""}",FALSE
292,"{""aadhar"": ""4567XXXX6543"", ""driving_license_linked"": true}",TRUE
293,"{""kubernetes_ingress"": ""nginx"", ""ssl_termination"": true}",FALSE
294,"{""name"": ""KXXX KXXX"", ""phone"": ""71XXXXXX90"", ""email"": ""kaXXX@aXXX.com""}",TRUE
295,"{""etcd_cluster"": ""healthy"", ""raft_applied_index"": 1000000}",FALSE
296,"{""upi_id"": ""65XXX@okXXX"", ""joint_account"": false}",TRUE
297,"{""city"": ""Manali"", ""skiing_season"": ""winter""}",FALSE
298,"{""phone"": ""97XXXXXX45"", ""conference_calling"": true}",TRUE
299,"{""first_name"": ""Naman"", ""programming_language"": ""Python""}",FALSE
300,"{""name"": ""PXXX CXXX"", ""address"": ""[REDACTED]"", ""ip_address"": ""[REDACTED]""}",TRUE
301,"{""istio_mesh"": ""enabled"", ""sidecar_injection"": true}",FALSE
302,"{""passport"": ""KXXXXXX4"", ""rfid_enabled"": true}",TRUE
303,"{""last_name"": ""Tiwari"", ""meditation_practice"": ""mindfulness""}",FALSE
304,"{""aadhar"": ""5678XXXX2109"", ""health_insurance_linked"": true}",TRUE
305,"{""linkerd_proxy"": ""stable-2.11.1"", ""success_rate"": 99.9}",FALSE
306,"{""name"": ""AXXX KXXX"", ""email"": ""akXXX@aXXXo.in"", ""device_id"": ""ACTOR123""}",TRUE
307,"{""opentelemetry"": ""enabled"", ""traces_per_second"": 1000}",FALSE
308,"{""upi_id"": ""54XXX@ybXXX"", ""credit_card_linked"": true}",TRUE
309,"{""city"": ""Ooty"", ""tea_gardens"": true}",FALSE
310,"{""phone"": ""80XXXXXX78"", ""5g_enabled"": true}",TRUE
311,"{""first_name"": ""Sneha"", ""fitness_goal"": ""weight_loss""}",FALSE
312,"{""name"": ""SXXX KXXX"", ""address"": ""[REDACTED]"", ""phone"": ""91XXXXXX80""}",TRUE
313,"{""jaeger_tracing"": ""distributed"", ""spans_collected"": 50000}",FALSE
314,"{""passport"": ""MXXXXXX1"", ""biometric_exit"": true}",TRUE
315,"{""last_name"": ""Mahajan"", ""hobby"": ""painting""}",FALSE
316,"{""aadhar"": ""6789XXXX3210"", ""life_insurance_linked"": true}",TRUE
317,"{""zipkin_spans"": ""sampled"", ""sampling_rate"": 0.1}",FALSE
318,"{""name"": ""AXXX KXXX"", ""email"": ""aaXXX@pXXX.com"", ""ip_address"": ""[REDACTED]""}",TRUE
319,"{""flagger_canary"": ""progressive"", ""success_threshold"": 99}",FALSE
320,"{""upi_id"": ""43XXX@paXXX"", ""fixed_deposit_linked"": true}",TRUE
321,"{""city"": ""Nainital"", ""lake_city"": true}",FALSE
322,"{""phone"": ""73XXXXXX01"", ""volte_enabled"": true}",TRUE
323,"{""first_name"": ""Rajat"", ""investment_portfolio"": ""balanced""}",FALSE
324,"{""name"": ""Shah Rukh Khan"", ""address"": ""[REDACTED]"", ""email"": ""srXXX@kXXXn.in""}",TRUE
325,"{""argo_cd"": ""v2.4.0"", ""applications"": 15}",FALSE
326,"{""passport"": ""AXXXXXX4"", ""fast_track_eligible"": true}",TRUE
327,"{""last_name"": ""Verma"", ""social_media"": ""LinkedIn""}",FALSE
328,"{""order_id"": ""ORD123456"", ""product_category"": ""Electronics"", ""status"": ""delivered""}",FALSE
329,"{""transaction_id"": ""TXN789012"", ""payment_method"": ""credit_card"", ""amount"": 15000}",FALSE
330,"{""product_sku"": ""SKU456789"", ""brand"": ""Samsung"", ""rating"": 4.5}",FALSE
331,"{""campaign_id"": ""CAM123"", ""click_rate"": 0.045, ""conversion"": 0.12}",FALSE
332,"{""session_id"": ""SESS456"", ""page_views"": 8, ""bounce_rate"": 0.25}",FALSE
333,"{""warehouse_code"": ""WH001"", ""inventory_level"": 150, ""reorder_point"": 50}",FALSE
334,"{""coupon_code"": ""SAVE20"", ""discount_percentage"": 20, ""usage_limit"": 1000}",FALSE
335,"{""api_key"": ""API789"", ""requests_per_minute"": 500, ""quota_exceeded"": false}",FALSE
336,"{""batch_id"": ""BATCH123"", ""processed_records"": 50000, ""error_count"": 12}",FALSE
337,"{""log_entry"": ""INFO"", ""timestamp"": ""2024-01-20T10:30:00Z"", ""module"": ""payment_service""}",FALSE
338,"{""metric_name"": ""response_time"", ""value"": 120, ""unit"": ""milliseconds""}",FALSE
339,"{""feature_flag"": ""new_checkout"", ""enabled"": true, ""rollout_percentage"": 50}",FALSE
340,"{""service_name"": ""user_service"", ""version"": ""v2.1.0"", ""health_status"": ""healthy""}",FALSE
341,"{""database_name"": ""primary"", ""connection_pool"": 20, ""active_connections"": 15}",FALSE
342,"{""queue_name"": ""order_processing"", ""message_count"": 245, ""consumers"": 3}",FALSE
343,"{""cache_key"": ""user_profile_123"", ""ttl"": 3600, ""hit_ratio"": 0.85}",FALSE
344,"{""deployment_id"": ""DEP456"", ""environment"": ""production"", ""rollback_available"": true}",FALSE
345,"{""alert_id"": ""ALT789"", ""severity"": ""warning"", ""acknowledged"": false}",FALSE
346,"{""backup_id"": ""BAK123"", ""size"": ""2.5GB"", ""verification"": ""passed""}",FALSE
347,"{""test_suite"": ""integration_tests"", ""passed"": 145, ""failed"": 3}",FALSE
348,"{""build_number"": ""BUILD789"", ""commit_hash"": ""abc123def"", ""deployment_time"": ""2024-01-20T14:25:00Z""}",FALSE
349,"{""region"": ""ap-south-1"", ""availability_zone"": ""ap-south-1a"", ""instance_type"": ""t3.medium""}",FALSE
350,"{""security_scan"": ""vulnerability_assessment"", ""high_risk"": 0, ""medium_risk"": 2}",FALSE
351,"{""load_balancer"": ""ALB"", ""target_groups"": 2, ""healthy_targets"": 6}",FALSE
352,"{""cdn_provider"": ""CloudFront"", ""cache_hit_ratio"": 0.92, ""origin_requests"": 1500}",FALSE
353,"{""ssl_certificate"": ""wildcard"", ""issuer"": ""Let's Encrypt"", ""expiry"": ""2024-12-31""}",FALSE
354,"{""monitoring_dashboard"": ""system_overview"", ""widgets"": 12, ""refresh_interval"": 30}",FALSE
355,"{""compliance_check"": ""gdpr"", ""status"": ""compliant"", ""last_audit"": ""2024-01-01""}",FALSE
356,"{""machine_learning_model"": ""recommendation_engine"", ""accuracy"": 0.89, ""training_data"": ""1M_samples""}",FALSE
357,"{""data_pipeline"": ""etl_daily"", ""source"": ""mongodb"", ""destination"": ""data_warehouse""}",FALSE
358,"{""kubernetes_pod"": ""api-deployment-abc123"", ""cpu_usage"": ""65%"", ""memory_usage"": ""512MB""}",FALSE
359,"{""docker_image"": ""app:v1.2.3"", ""size"": ""150MB"", ""layers"": 8}",FALSE
360,"{""git_branch"": ""feature/new-ui"", ""commits_ahead"": 5, ""merge_conflicts"": false}",FALSE
361,"{""network_interface"": ""eth0"", ""bytes_in"": 1048576, ""bytes_out"": 524288}",FALSE
362,"{""file_system"": ""/dev/sda1"", ""total_space"": ""100GB"", ""free_space"": ""25GB""}",FALSE
363,"{""process_id"": ""12345"", ""cpu_time"": ""2.5s"", ""memory_usage"": ""256MB""}",FALSE
364,"{""thread_pool"": ""worker_threads"", ""active_threads"": 8, ""queue_size"": 15}",FALSE
365,"{""garbage_collection"": ""G1GC"", ""pause_time"": ""10ms"", ""frequency"": ""every_30s""}",FALSE
366,"{""connection_string"": ""postgresql://localhost:5432/app_db"", ""max_connections"": 100, ""current_connections"": 45}",FALSE
367,"{""search_index"": ""products_v2"", ""document_count"": 1000000, ""size"": ""2.1GB""}",FALSE
368,"{""message_broker"": ""RabbitMQ"", ""exchange_type"": ""topic"", ""routing_key"": ""order.created""}",FALSE
369,"{""streaming_platform"": ""Apache Kafka"", ""partition_count"": 12, ""replication_factor"": 3}",FALSE
370,"{""container_orchestrator"": ""Kubernetes"", ""namespace"": ""production"", ""pod_count"": 25}",FALSE
371,"{""microservice_architecture"": ""event_driven"", ""service_count"": 15, ""communication"": ""async""}",FALSE
372,"{""api_gateway"": ""Kong"", ""rate_limiting"": ""1000_rpm"", ""authentication"": ""JWT""}",FALSE
373,"{""service_mesh"": ""Istio"", ""sidecar_proxy"": ""Envoy"", ""mTLS_enabled"": true}",FALSE
374,"{""observability_stack"": ""ELK"", ""log_retention"": ""30_days"", ""alert_rules"": 25}",FALSE
375,"{""aadhar"": ""7890XXXX6781"", ""address_verification"": ""completed"", ""timestamp"": ""2024-01-20T09:15:00Z""}",TRUE
376,"{""name"": ""AXXX KXXX"", ""email"": ""arXXX@fXXXm.in"", ""address"": ""[REDACTED]""}",TRUE
377,"{""phone"": ""98XXXXXX10"", ""carrier_name"": ""Airtel"", ""plan_type"": ""postpaid""}",TRUE
378,"{""upi_id"": ""arXXX@paXXX"", ""linked_bank"": ""HDFC Bank"", ""kyc_status"": ""[REDACTED]""}",TRUE
379,"{""passport"": ""PXXXXXX3"", ""issue_place"": ""Mumbai"", ""validity"": ""10_years""}",TRUE
380,"{""name"": ""SXXX GXXX"", ""phone"": ""87XXXXXX09"", ""email"": ""soXXX@pXXXl.in"", ""device_type"": ""Android""}",TRUE
381,"{""aadhar"": ""8901XXXX7890"", ""biometric_status"": ""locked"", ""unlock_required"": true}",TRUE
382,"{""name"": ""VXXX SXXX"", ""address"": ""[REDACTED]"", ""ip_address"": ""[REDACTED]""}",TRUE
383,"{""phone"": ""76XXXXXX98"", ""international_code"": ""+91"", ""verified"": true}",TRUE
384,"{""upi_id"": ""viXXX@okXXX"", ""transaction_pin"": ""set"", ""daily_limit"": 100000}",TRUE
385,"{""passport"": ""LXXXXXX7"", ""photo_updated"": ""2024-01-15"", ""pages_left"": 32}",TRUE
386,"{""name"": ""MXXX SXXX"", ""email"": ""meXXX@oXXX.com"", ""department"": ""HR""}",TRUE
387,"{""aadhar"": ""9012XXXX8901"", ""mobile_verification"": ""pending"", ""otp_sent"": true}",TRUE
388,"{""name"": ""RXXX SXXX"", ""address"": ""[REDACTED]"", ""phone"": ""89XXXXXX67""}",TRUE
389,"{""phone"": ""67XXXXXX45"", ""sms_service"": ""enabled"", ""promotional_consent"": false}",TRUE
390,"{""upi_id"": ""roXXX@ybXXX"", ""beneficiary_limit"": 20, ""recent_transaction"": ""2024-01-20""}",TRUE
391,"{""passport"": ""AXXXXXX2"", ""emergency_contact_name"": ""Priya Shetty"", ""relationship"": ""spouse""}",TRUE
392,"{""name"": ""KXXX MXXX"", ""email"": ""kaXXX@aXXXs.in"", ""ip_address"": ""[REDACTED]""}",TRUE
393,"{""aadhar"": ""0123XXXX9012"", ""demographic_auth"": ""success"", ""attempt_count"": 1}",TRUE
394,"{""name"": ""AXXX DXXX"", ""address"": ""[REDACTED]"", ""email"": ""ajXXX@aXXX.com""}",TRUE
395,"{""phone"": ""92XXXXXX01"", ""call_log_consent"": true, ""privacy_setting"": ""medium""}",TRUE
396,"{""upi_id"": ""ajXXX@icXXX"", ""merchant_payments"": 15, ""last_settlement"": ""2024-01-19""}",TRUE
397,"{""passport"": ""HXXXXXX3"", ""visa_pages"": 8, ""endorsement_pages"": 2}",TRUE
398,"{""name"": ""TXXX KXXX"", ""phone"": ""81XXXXXX89"", ""email"": ""taXXX@vXXXe.in""}",TRUE
399,"{""aadhar"": ""1234XXXX0123"", ""bank_seeding"": ""completed"", ""subsidy_linked"": true}",TRUE
400,"{""name"": ""NXXX SXXX"", ""address"": ""[REDACTED]"", ""ip_address"": ""[REDACTED]""}",TRUE
401,"{""phone"": ""78XXXXXX56"", ""roaming_activated"": true, ""international_plan"": ""active""}",TRUE
402,"{""upi_id"": ""naXXX@sbXXX"", ""family_account"": true, ""members_linked"": 4}",TRUE
403,"{""passport"": ""TXXXXXX1"", ""chip_technology"": ""enabled"", ""security_features"": ""enhanced""}",TRUE
404,"{""name"": ""KXXX SXXX"", ""email"": ""koXXX@iXXXt.in"", ""device_id"": ""IPHONE789""}",TRUE
405,"{""aadhar"": ""2345XXXX1234"", ""disability_flag"": false, ""senior_citizen"": false}",TRUE
406,"{""name"": ""IXXX KXXX"", ""address"": ""[REDACTED]"", ""phone"": ""69XXXXXX78""}",TRUE
407,"{""phone"": ""95XXXXXX34"", ""caller_tune"": ""enabled"", ""ringback_tone"": ""bollywood_classic""}",TRUE
408,"{""upi_id"": ""irXXX@phXXX"", ""insurance_premium"": ""auto_debit"", ""policy_linked"": true}",TRUE
409,"{""passport"": ""KXXXXXX2"", ""place_of_birth"": ""Mumbai"", ""spouse_name"": ""Sutapa Sikdar""}",TRUE
410,"{""name"": ""PXXX TXXX"", ""email"": ""paXXX@cXXXr.in"", ""ip_address"": ""[REDACTED]""}",TRUE
411,"{""aadhar"": ""3456XXXX2345"", ""rural_address"": false, ""urban_classification"": true}",TRUE
412,"{""name"": ""RXXX AXXX"", ""address"": ""[REDACTED]"", ""email"": ""raXXX@bXXX.com""}",TRUE
413,"{""phone"": ""84XXXXXX12"", ""missed_call_alert"": true, ""call_waiting"": ""enabled""}",TRUE
414,"{""upi_id"": ""raXXX@unXXX"", ""loan_emi"": ""auto_pay"", ""next_due"": ""2024-02-01""}",TRUE
415,"{""passport"": ""RXXXXXX8"", ""frequent_traveler"": true, ""miles_accumulated"": 50000}",TRUE
416,"{""name"": ""AXXX KXXX"", ""phone"": ""73XXXXXX01"", ""email"": ""ayXXX@vXXXe.in""}",TRUE
417,"{""aadhar"": ""4567XXXX3456"", ""health_id"": ""linked"", ""vaccination_status"": ""fully_vaccinated""}",TRUE
418,"{""name"": ""BXXX PXXX"", ""address"": ""[REDACTED]"", ""ip_address"": ""[REDACTED]""}",TRUE
419,"{""phone"": ""96XXXXXX34"", ""network_type"": ""4G"", ""data_usage"": ""15GB_monthly""}",TRUE
420,"{""upi_id"": ""bhXXX@koXXX"", ""savings_goal"": ""home_purchase"", ""target_amount"": 5000000}",TRUE
421,"{""passport"": ""SXXXXXX5"", ""digital_copy"": ""available"", ""qr_code"": ""generated""}",TRUE
422,"{""name"": ""RXXX RXXX"", ""email"": ""raXXX@mXXXd.in"", ""device_type"": ""Samsung""}",TRUE
423,"{""aadhar"": ""5678XXXX4567"", ""aadhaar_pay"": ""enabled"", ""micro_atm"": ""registered""}",TRUE
424,"{""name"": ""KXXX SXXX"", ""address"": ""[REDACTED]"", ""phone"": ""87XXXXXX45""}",TRUE
425,"{""phone"": ""67XXXXXX45"", ""backup_sim"": ""inactive"", ""primary_number"": true}",TRUE
426,"{""upi_id"": ""krXXX@yeXXX"", ""credit_score_check"": ""monthly"", ""current_score"": 785}",TRUE
427,"{""passport"": ""CXXXXXX2"", ""biometric_data"": ""encrypted"", ""facial_recognition"": true}",TRUE
428,"{""name"": ""KXXX AXXX"", ""email"": ""kaXXX@cXXXy.in"", ""ip_address"": ""[REDACTED]""}",TRUE
429,"{""aadhar"": ""6789XXXX5678"", ""consent_manager"": ""registered"", ""data_sharing"": ""limited""}",TRUE
430,"{""name"": ""AXXX PXXX"", ""address"": ""[REDACTED]"", ""email"": ""anXXX@gXXX.com""}",TRUE
431,"{""phone"": ""78XXXXXX56"", ""video_calling"": true, ""screen_sharing"": ""enabled""}",TRUE
432,"{""upi_id"": ""anXXX@hdXXX"", ""student_account"": true, ""education_loan"": ""linked""}",TRUE
433,"{""passport"": ""NXXXXXX9"", ""minor_passport"": false, ""guardian_details"": ""not_applicable""}",TRUE
434,"{""name"": ""TXXX SXXX"", ""phone"": ""89XXXXXX67"", ""email"": ""tiXXX@aXXXn.in""}",TRUE
435,"{""aadhar"": ""7890XXXX6789"", ""fitness_tracker"": ""linked"", ""health_records"": ""digital""}",TRUE
436,"{""name"": ""DXXX PXXX"", ""address"": ""[REDACTED]"", ""ip_address"": ""[REDACTED]""}",TRUE
437,"{""phone"": ""90XXXXXX78"", ""ai_assistant"": ""enabled"", ""voice_recognition"": true}",TRUE
438,"{""upi_id"": ""diXXX@axXXX"", ""fashion_expenses"": ""tracked"", ""budget_alert"": true}",TRUE
439,"{""passport"": ""DXXXXXX3"", ""travel_insurance"": ""comprehensive"", ""coverage"": ""worldwide""}",TRUE
440,"{""name"": ""VXXX KXXX"", ""email"": ""viXXX@iXXXe.in"", ""device_id"": ""ONEPLUS123""}",TRUE
441,"{""aadhar"": ""8901XXXX7890"", ""military_service"": ""eligible"", ""ncc_certificate"": true}",TRUE
442,"{""name"": ""KXXX AXXX"", ""address"": ""[REDACTED]"", ""phone"": ""71XXXXXX90""}",TRUE
443,"{""phone"": ""82XXXXXX90"", ""conference_call"": ""premium"", ""participants_limit"": 50}",TRUE
444,"{""upi_id"": ""kiXXX@inXXX"", ""jewelry_insurance"": ""active"", ""premium"": ""monthly""}",TRUE
445,"{""passport"": ""VXXXXXX0"", ""diplomatic_immunity"": false, ""official_travel"": ""business""}",TRUE
446,"{""name"": ""SXXX MXXX"", ""email"": ""siXXX@rXXXc.in"", ""ip_address"": ""[REDACTED]""}",TRUE
447,"{""aadhar"": ""9012XXXX8901"", ""property_registration"": ""linked"", ""stamp_duty"": ""paid""}",TRUE
448,"{""name"": ""SXXX KXXX"", ""address"": ""[REDACTED]"", ""email"": ""shXXX@mXXX.com""}",TRUE
449,"{""phone"": ""93XXXXXX12"", ""music_streaming"": ""premium"", ""offline_downloads"": 500}",TRUE
450,"{""upi_id"": ""shXXX@pnXXX"", ""concert_tickets"": ""auto_book"", ""artist_alerts"": true}",TRUE
451,"{""passport"": ""UXXXXXX4"", ""artist_visa"": ""multi_entry"", ""performance_permit"": true}",TRUE
452,"{""name"": ""VXXX SXXX"", ""phone"": ""84XXXXXX12"", ""email"": ""vaXXX@cXXXy.in""}",TRUE
453,"{""aadhar"": ""0123XXXX9012"", ""comedy_club"": ""member"", ""performance_rights"": ""registered""}",TRUE
454,"{""name"": ""JXXX KXXX"", ""address"": ""[REDACTED]"", ""ip_address"": ""[REDACTED]""}",TRUE
455,"{""phone"": ""75XXXXXX23"", ""fashion_alerts"": true, ""brand_notifications"": ""selective""}",TRUE
456,"{""upi_id"": ""jaXXX@caXXX"", ""designer_payments"": ""frequent"", ""luxury_limit"": 1000000}",TRUE
457,"{""passport"": ""FXXXXXX1"", ""fashion_week"": ""participant"", ""designer_collaboration"": true}",TRUE
458,"{""name"": ""AXXX RXXX"", ""email"": ""arXXX@iXXXe.in"", ""device_type"": ""OnePlus""}",TRUE
459,"{""aadhar"": ""1234XXXX0123"", ""medical_college"": ""alumni"", ""practicing_license"": ""valid""}",TRUE
460,"{""name"": ""RXXX MXXX"", ""address"": ""[REDACTED]"", ""phone"": ""96XXXXXX34""}",TRUE
461,"{""phone"": ""68XXXXXX56"", ""regional_content"": ""Telugu"", ""dubbing_preference"": ""original""}",TRUE
462,"{""upi_id"": ""raXXX@sbXXX"", ""south_cinema"": ""promotions"", ""fan_engagement"": ""high""}",TRUE
463,"{""passport"": ""GXXXXXX2"", ""regional_cinema"": ""ambassador"", ""cultural_exchange"": true}",TRUE
464,"{""name"": ""AXXX AXXX"", ""email"": ""alXXX@sXXXh.in"", ""ip_address"": ""[REDACTED]""}",TRUE
465,"{""aadhar"": ""2345XXXX1234"", ""dance_academy"": ""owner"", ""choreography_rights"": ""exclusive""}",TRUE
466,"{""name"": ""SXXX AXXX"", ""address"": ""[REDACTED]"", ""email"": ""saXXX@vXXXe.in""}",TRUE
467,"{""phone"": ""89XXXXXX67"", ""charity_work"": ""active"", ""foundation_calls"": ""priority""}",TRUE
468,"{""upi_id"": ""saXXX@hdXXX"", ""donation_auto"": ""monthly"", ""cause"": ""women_empowerment""}",TRUE
469,"{""passport"": ""IXXXXXX5"", ""humanitarian_visa"": ""active"", ""ngo_collaboration"": true}",TRUE
470,"{""name"": ""RXXX CXXX"", ""phone"": ""72XXXXXX90"", ""email"": ""raXXX@mXXXr.in""}",TRUE
471,"{""aadhar"": ""3456XXXX2345"", ""horse_racing"": ""license"", ""stable_owner"": true}",TRUE
472,"{""name"": ""JXXX NXXX"", ""address"": ""[REDACTED]"", ""ip_address"": ""[REDACTED]""}",TRUE
473,"{""phone"": ""83XXXXXX01"", ""political_updates"": ""subscribed"", ""rally_notifications"": true}",TRUE
474,"{""upi_id"": ""ntXXX@anXXX"", ""political_donations"": ""transparent"", ""party_fund"": ""contributor""}",TRUE
475,"{""passport"": ""JXXXXXX6"", ""political_visa"": ""diplomatic"", ""state_visits"": ""official""}",TRUE
476,"{""name"": ""MXXX BXXX"", ""email"": ""maXXX@sXXXr.in"", ""device_id"": ""PRINCE123""}",TRUE
477,"{""aadhar"": ""4567XXXX3456"", ""production_house"": ""owner"", ""film_financing"": ""independent""}",TRUE
478,"{""name"": ""PXXX RXXX"", ""address"": ""[REDACTED]"", ""phone"": ""94XXXXXX12""}",TRUE
479,"{""phone"": ""76XXXXXX34"", ""pan_india"": ""stardom"", ""multilingual_alerts"": true}",TRUE
480,"{""upi_id"": ""prXXX@feXXX"", ""movie_budget"": ""international"", ""currency"": ""multi""}",TRUE
481,"{""passport"": ""BXXXXXX9"", ""international_filming"": ""permitted"", ""visa_facilitation"": true}",TRUE
482,"{""name"": ""RXXX DXXX"", ""email"": ""raXXX@vXXXe.in"", ""ip_address"": ""[REDACTED]""}",TRUE
483,"{""aadhar"": ""5678XXXX4567"", ""visual_effects"": ""studio_owner"", ""technology_innovator"": true}",TRUE
484,"{""name"": ""AXXX SXXX"", ""address"": ""[REDACTED]"", ""email"": ""anXXX@bXXXi.in""}",TRUE
485,"{""phone"": ""85XXXXXX23"", ""fitness_regime"": ""strict"", ""trainer_calls"": ""daily""}",TRUE
486,"{""upi_id"": ""anXXX@kaXXX"", ""fitness_equipment"": ""premium"", ""health_monitoring"": ""advanced""}",TRUE
487,"{""passport"": ""EXXXXXX0"", ""fitness_travel"": ""wellness"", ""spa_treatments"": ""international""}",TRUE
488,"{""name"": ""TXXX BXXX"", ""phone"": ""97XXXXXX45"", ""email"": ""taXXX@gXXXs.in""}",TRUE
489,"{""aadhar"": ""6789XXXX5678"", ""brand_ambassador"": ""multiple"", ""endorsement_value"": ""premium""}",TRUE
490,"{""name"": ""KXXX AXXX"", ""address"": ""[REDACTED]"", ""ip_address"": ""[REDACTED]""}",TRUE
491,"{""phone"": ""61XXXXXX89"", ""punjabi_connection"": ""cultural"", ""regional_films"": ""multilingual""}",TRUE
492,"{""upi_id"": ""kaXXX@puXXX"", ""cultural_events"": ""sponsor"", ""heritage_preservation"": ""donor""}",TRUE
493,"{""passport"": ""LXXXXXX3"", ""cultural_ambassador"": ""official"", ""international_events"": ""participant""}",TRUE
494,"{""name"": ""Rakul Preet Singh"", ""email"": ""raXXX@fXXXs.in"", ""device_type"": ""iPhone_Pro""}",TRUE
495,"{""aadhar"": ""7890XXXX6789"", ""fitness_influencer"": ""certified"", ""wellness_brand"": ""founder""}",TRUE
496,"{""name"": ""PXXX HXXX"", ""address"": ""[REDACTED]"", ""phone"": ""82XXXXXX90""}",TRUE
497,"{""phone"": ""78XXXXXX56"", ""dance_choreography"": ""skilled"", ""performance_rights"": ""exclusive""}",TRUE
498,"{""upi_id"": ""poXXX@maXXX"", ""dance_academy"": ""investment"", ""cultural_promotion"": ""active""}",TRUE
499,"{""passport"": ""MXXXXXX4"", ""dance_festivals"": ""judge"", ""international_recognition"": true}",TRUE
500,"{""name"": ""RXXX CXXX"", ""email"": ""reXXX@mXXXl.in"", ""ip_address"": ""[REDACTED]""}",TRUE
